Type,WES
A[C>A]A,0.475664652901605
A[C>A]C,0.711151519019775
A[C>A]G,1.19540551276362
A[C>A]T,0.477580501160713
C[C>A]A,0.690521535034545
C[C>A]C,0.86971830098853
C[C>A]G,1.81403541054197
C[C>A]T,0.705842385279645
G[C>A]A,0.69869271633362
G[C>A]C,0.915203708487213
G[C>A]G,1.7790111572008
G[C>A]T,0.741450108713922
T[C>A]A,0.525565698295762
T[C>A]C,0.71808318049642
T[C>A]G,1.34780378758321
T[C>A]T,0.525371286562861
A[C>G]A,0.475664652901605
A[C>G]C,0.711151519019775
A[C>G]G,1.19540551276362
A[C>G]T,0.477580501160713
C[C>G]A,0.690521535034546
C[C>G]C,0.86971830098853
C[C>G]G,1.81403541054197
C[C>G]T,0.705842385279645
G[C>G]A,0.69869271633362
G[C>G]C,0.915203708487213
G[C>G]G,1.7790111572008
G[C>G]T,0.741450108713922
T[C>G]A,0.525565698295762
T[C>G]C,0.71808318049642
T[C>G]G,1.34780378758321
T[C>G]T,0.525371286562861
A[C>T]A,0.475664652901605
A[C>T]C,0.711151519019775
A[C>T]G,1.19540551276362
A[C>T]T,0.477580501160713
C[C>T]A,0.690521535034545
C[C>T]C,0.86971830098853
C[C>T]G,1.81403541054197
C[C>T]T,0.705842385279645
G[C>T]A,0.69869271633362
G[C>T]C,0.915203708487213
G[C>T]G,1.7790111572008
G[C>T]T,0.741450108713922
T[C>T]A,0.525565698295762
T[C>T]C,0.71808318049642
T[C>T]G,1.34780378758321
T[C>T]T,0.525371286562861
A[T>A]A,0.275944048865001
A[T>A]C,0.523361520648872
A[T>A]G,0.4904267953751
A[T>A]T,0.315258589786998
C[T>A]A,0.359844387046047
C[T>A]C,0.673280901723804
C[T>A]G,0.75445655779456
C[T>A]T,0.550470365363395
G[T>A]A,0.464855663619622
G[T>A]C,0.728473644149665
G[T>A]G,0.642936742168334
G[T>A]T,0.461186261473966
T[T>A]A,0.295276429854539
T[T>A]C,0.544567343830645
T[T>A]G,0.461111229091304
T[T>A]T,0.326183882263932
A[T>C]A,0.275944048865001
A[T>C]C,0.523361520648872
A[T>C]G,0.490426795375101
A[T>C]T,0.315258589786998
C[T>C]A,0.359844387046047
C[T>C]C,0.673280901723804
C[T>C]G,0.754456557794559
C[T>C]T,0.550470365363395
G[T>C]A,0.464855663619622
G[T>C]C,0.728473644149665
G[T>C]G,0.642936742168334
G[T>C]T,0.461186261473966
T[T>C]A,0.295276429854539
T[T>C]C,0.544567343830645
T[T>C]G,0.461111229091304
T[T>C]T,0.326183882263932
A[T>G]A,0.275944048865001
A[T>G]C,0.523361520648872
A[T>G]G,0.490426795375101
A[T>G]T,0.315258589786998
C[T>G]A,0.359844387046047
C[T>G]C,0.673280901723803
C[T>G]G,0.754456557794559
C[T>G]T,0.550470365363395
G[T>G]A,0.464855663619621
G[T>G]C,0.728473644149665
G[T>G]G,0.642936742168334
G[T>G]T,0.461186261473966
T[T>G]A,0.295276429854539
T[T>G]C,0.544567343830645
T[T>G]G,0.461111229091304
T[T>G]T,0.326183882263932
